id,session_id,message,created_at
1,session_1,"{""type"": ""ai"", ""data"": {""content"": ""Hello! How can I assist you with your issue today?""}}",2024-12-16 18:44:21
2,session_1,"{""type"": ""human"", ""data"": {""content"": ""My laptop won't turn on. Can you help me?""}}",2024-12-16 18:45:21
3,session_1,"{""type"": ""ai"", ""data"": {""content"": ""Have you tried holding the power button for 10 seconds to force a restart?""}}",2024-12-16 18:46:21
4,session_1,"{""type"": ""human"", ""data"": {""content"": ""Yes, but nothing happens. This is so frustrating!""}}",2024-12-16 18:47:21
5,session_1,"{""type"": ""ai"", ""data"": {""content"": ""I understand your frustration. Let’s try connecting the charger and checking if the power light comes on.""}}",2024-12-16 18:48:21
6,session_2,"{""type"": ""ai"", ""data"": {""content"": ""Good afternoon! What technical issue can I assist you with?""}}",2024-12-16 18:39:21
7,session_2,"{""type"": ""human"", ""data"": {""content"": ""I'm having trouble connecting to my Wi-Fi network.""}}",2024-12-16 18:40:21
8,session_2,"{""type"": ""ai"", ""data"": {""content"": ""Can you confirm if other devices are able to connect to the Wi-Fi?""}}",2024-12-16 18:41:21
9,session_2,"{""type"": ""human"", ""data"": {""content"": ""Yes, but my laptop keeps disconnecting randomly. It's annoying!""}}",2024-12-16 18:42:21
10,session_2,"{""type"": ""ai"", ""data"": {""content"": ""Understood. Let’s check if your laptop’s network driver is up to date.""}}",2024-12-16 18:43:21
11,session_3,"{""type"": ""ai"", ""data"": {""content"": ""Hi! What seems to be the problem today?""}}",2024-12-16 18:34:21
12,session_3,"{""type"": ""human"", ""data"": {""content"": ""My printer is printing blank pages. What should I do?""}}",2024-12-16 18:35:21
13,session_3,"{""type"": ""ai"", ""data"": {""content"": ""Ensure the ink cartridges are properly installed and have enough ink.""}}",2024-12-16 18:36:21
14,session_3,"{""type"": ""human"", ""data"": {""content"": ""I already checked that. The printer is just awful!""}}",2024-12-16 18:37:21
15,session_3,"{""type"": ""ai"", ""data"": {""content"": ""I’m sorry to hear that. Let’s try cleaning the print heads through the printer settings.""}}",2024-12-16 18:38:21
16,session_4,"{""type"": ""ai"", ""data"": {""content"": ""Hello! I’m here to help with any issues you might have.""}}",2024-12-16 19:00:21
17,session_4,"{""type"": ""human"", ""data"": {""content"": ""My phone keeps freezing. It's driving me crazy!""}}",2024-12-16 19:01:21
18,session_4,"{""type"": ""ai"", ""data"": {""content"": ""I’m sorry to hear that. Have you tried restarting it or clearing unused apps?""}}",2024-12-16 19:02:21
19,session_4,"{""type"": ""human"", ""data"": {""content"": ""Yes, but it keeps happening. This phone is a disaster.""}}",2024-12-16 19:03:21
20,session_4,"{""type"": ""ai"", ""data"": {""content"": ""I understand your concern. We can also try a factory reset as a last resort.""}}",2024-12-16 19:04:21
21,session_5,"{""type"": ""ai"", ""data"": {""content"": ""Hi! How can I assist you today?""}}",2024-12-16 19:10:21
22,session_5,"{""type"": ""human"", ""data"": {""content"": ""The sound on my laptop is distorted. It's unbearable.""}}",2024-12-16 19:11:21
23,session_5,"{""type"": ""ai"", ""data"": {""content"": ""Let’s check if the audio driver is up to date. Have you tried troubleshooting?""}}",2024-12-16 19:12:21
24,session_5,"{""type"": ""human"", ""data"": {""content"": ""No, but the problem is so bad that I doubt it will help.""}}",2024-12-16 19:13:21
25,session_5,"{""type"": ""ai"", ""data"": {""content"": ""Let’s give it a try. Sometimes, a quick update resolves such issues.""}}",2024-12-16 19:14:21
